freelancer_key,country_key,language_key,skill_key,years_of_exp,hourly_rate,rating,client_satisfaction
1,11,9,2,11,100.0,,
2,2,4,8,34,100.0,3.3,84.0
3,8,6,6,31,50.0,0.0,71.0
4,2,4,10,4,40.0,1.5,90.0
5,8,6,10,27,30.0,4.8,83.0
6,14,3,1,14,30.0,2.4,
7,10,8,4,10,75.0,3.1,94.0
8,11,9,2,14,40.0,4.6,94.0
9,21,4,2,4,,4.0,76.0
10,19,16,1,22,50.0,,
11,20,4,4,17,40.0,3.6,77.0
12,1,15,9,15,,,86.0
13,20,4,3,18,,2.0,86.0
14,1,15,6,20,75.0,2.9,93.0
15,8,6,4,22,75.0,3.7,70.0
16,12,10,4,0,30.0,1.2,69.0
17,2,4,5,13,30.0,2.5,60.0
18,9,7,2,,,,87.0
19,21,4,9,31,50.0,1.1,75.0
20,11,9,10,3,100.0,1.8,68.0
21,10,8,1,9,50.0,1.8,65.0
22,12,10,5,,,2.4,69.0
23,3,13,3,21,30.0,4.7,
24,17,11,7,15,50.0,1.3,100.0
25,10,8,7,13,75.0,2.9,92.0
26,17,11,5,0,30.0,1.2,70.0
27,12,10,2,8,20.0,0.0,89.0
28,15,14,6,11,,1.8,86.0
29,4,4,1,22,30.0,1.3,62.0
30,14,3,4,14,75.0,1.2,
31,14,3,5,4,,1.0,
32,7,5,7,19,100.0,4.2,68.0
33,6,2,1,9,20.0,1.4,76.0
34,17,11,1,9,40.0,2.4,82.0
35,21,4,10,32,75.0,1.0,81.0
36,17,11,10,28,20.0,,
37,12,10,8,6,40.0,,63.0
38,14,3,6,10,40.0,2.2,67.0
39,16,1,8,23,50.0,3.2,
40,12,10,10,13,20.0,3.6,80.0
41,20,4,1,3,50.0,0.0,
42,4,4,10,0,30.0,2.7,84.0
43,8,6,5,10,50.0,0.0,
44,20,4,4,,20.0,2.8,63.0
45,14,3,7,23,20.0,2.5,80.0
46,16,1,10,9,75.0,4.9,74.0
47,6,2,5,15,30.0,4.5,85.0
48,5,12,6,4,50.0,2.7,77.0
49,13,15,8,7,20.0,1.9,
50,14,3,9,1,20.0,1.4,63.0
51,1,15,3,0,75.0,1.9,79.0
52,7,5,4,8,50.0,3.4,
53,8,6,7,33,75.0,3.3,68.0
54,18,15,9,1,30.0,0.0,68.0
55,19,16,3,11,100.0,2.3,72.0
56,20,4,1,15,,2.0,65.0
57,20,4,5,8,50.0,1.3,76.0
58,4,4,1,17,40.0,4.0,90.0
59,9,7,8,,75.0,3.6,65.0
60,16,1,5,28,40.0,3.9,63.0
61,10,8,1,33,75.0,0.0,
62,8,6,1,18,75.0,0.0,
63,15,14,9,16,20.0,2.3,93.0
64,10,8,4,35,50.0,4.7,70.0
65,15,14,1,14,,3.5,83.0
66,18,15,10,12,40.0,2.4,64.0
67,3,13,1,11,75.0,4.0,100.0
68,3,13,10,0,40.0,0.0,
69,1,15,9,6,100.0,1.5,
70,5,12,9,38,20.0,2.0,71.0
71,16,1,8,11,,,84.0
72,11,9,5,13,50.0,1.0,
73,21,4,10,9,100.0,4.5,69.0
74,2,4,2,4,,1.9,88.0
75,11,9,7,14,100.0,3.7,
76,9,7,4,,30.0,1.9,96.0
77,2,4,1,9,75.0,4.0,96.0
78,18,15,5,32,40.0,1.8,
79,4,4,6,9,,0.0,89.0
80,9,7,7,21,100.0,4.6,
81,1,15,9,12,100.0,3.6,63.0
82,6,2,10,7,40.0,4.4,81.0
83,5,12,5,3,40.0,4.6,74.0
84,17,11,10,5,75.0,3.2,72.0
85,17,11,1,30,40.0,0.0,
86,5,12,5,2,100.0,2.6,85.0
87,21,4,8,2,75.0,3.7,
88,13,15,10,19,75.0,2.3,61.0
89,15,14,1,16,100.0,3.1,
90,9,7,8,10,20.0,2.4,86.0
91,11,9,5,2,100.0,1.6,97.0
92,4,4,3,18,50.0,2.4,63.0
93,5,12,9,21,100.0,,97.0
94,15,14,2,3,30.0,3.8,81.0
95,5,12,7,17,20.0,1.7,69.0
96,11,9,9,0,20.0,1.3,64.0
97,18,15,3,25,50.0,5.0,77.0
98,21,4,2,17,20.0,3.3,96.0
99,21,4,9,5,20.0,1.1,74.0
100,6,2,9,10,50.0,1.2,89.0
101,9,7,8,0,,2.0,64.0
102,15,14,6,2,30.0,4.5,64.0
103,15,14,5,30,100.0,3.0,73.0
104,19,16,2,2,50.0,4.9,68.0
105,21,4,6,3,30.0,,88.0
106,7,5,5,21,40.0,2.5,77.0
107,15,14,2,3,,0.0,
108,10,8,8,19,40.0,,72.0
109,21,4,10,0,20.0,4.7,60.0
110,21,4,1,9,30.0,3.5,72.0
111,1,15,9,5,30.0,,92.0
112,21,4,7,6,50.0,3.4,
113,1,15,7,6,75.0,2.5,92.0
114,19,16,8,3,30.0,1.1,
115,19,16,1,13,20.0,4.8,
116,13,15,1,5,30.0,,86.0
117,6,2,9,4,40.0,3.4,68.0
118,2,4,7,7,20.0,3.2,62.0
119,10,8,7,13,20.0,3.2,
120,17,11,4,4,30.0,0.0,82.0
121,10,8,9,13,75.0,,
122,11,9,5,5,40.0,3.7,93.0
123,4,4,7,15,50.0,1.0,64.0
124,5,12,9,8,50.0,0.0,
125,2,4,10,10,,1.7,96.0
126,17,11,4,19,,5.0,83.0
127,3,13,8,10,100.0,1.7,64.0
128,6,2,6,8,40.0,4.4,70.0
129,5,12,7,9,20.0,0.0,65.0
130,7,5,7,13,40.0,3.4,67.0
131,20,4,3,14,100.0,1.1,93.0
132,7,5,7,0,50.0,1.6,60.0
133,9,7,10,22,100.0,4.1,62.0
134,3,13,7,4,,2.5,70.0
135,10,8,2,22,100.0,4.0,75.0
136,16,1,3,39,75.0,1.4,70.0
137,20,4,3,5,50.0,,84.0
138,7,5,3,5,40.0,1.2,83.0
139,13,15,9,5,50.0,0.0,
140,8,6,3,11,50.0,3.1,88.0
141,7,5,9,15,50.0,0.0,81.0
142,9,7,4,5,20.0,2.2,80.0
143,20,4,10,7,75.0,3.0,67.0
144,20,4,3,9,20.0,0.0,82.0
145,7,5,9,21,100.0,0.0,78.0
146,8,6,1,7,40.0,1.4,81.0
147,6,2,2,4,,1.4,74.0
148,8,6,9,7,30.0,0.0,88.0
149,13,15,4,0,40.0,0.0,90.0
150,15,14,4,15,40.0,2.9,
151,19,16,4,10,40.0,0.0,
152,18,15,4,11,20.0,2.7,93.0
153,1,15,8,12,100.0,1.8,
154,12,10,5,20,75.0,1.1,71.0
155,17,11,5,29,40.0,4.3,95.0
156,3,13,10,15,100.0,1.5,80.0
157,11,9,4,9,20.0,2.2,
158,16,1,4,,100.0,3.2,62.0
159,15,14,5,2,50.0,1.9,95.0
160,18,15,6,0,40.0,2.5,79.0
161,10,8,9,12,40.0,4.5,62.0
162,1,15,4,12,30.0,4.1,68.0
163,10,8,5,15,75.0,0.0,
164,20,4,5,29,75.0,,80.0
165,12,10,3,15,40.0,3.7,92.0
166,16,1,10,,75.0,1.3,65.0
167,17,11,8,33,40.0,3.6,87.0
168,4,4,10,10,75.0,0.0,70.0
169,1,15,3,20,40.0,1.4,87.0
170,7,5,5,23,20.0,2.9,72.0
171,14,3,2,,40.0,2.8,80.0
172,12,10,9,0,20.0,1.7,66.0
173,14,3,6,7,40.0,0.0,
174,20,4,4,4,75.0,1.1,64.0
175,3,13,9,9,20.0,,68.0
176,2,4,6,17,20.0,3.6,63.0
177,9,7,5,8,20.0,4.5,72.0
178,16,1,1,14,30.0,0.0,86.0
179,7,5,6,21,30.0,1.5,73.0
180,19,16,7,1,30.0,3.7,95.0
181,1,15,8,12,20.0,2.3,90.0
182,13,15,6,2,20.0,2.8,78.0
183,12,10,10,3,30.0,3.5,97.0
184,8,6,9,11,,0.0,65.0
185,2,4,10,4,40.0,3.2,78.0
186,18,15,7,21,50.0,3.3,65.0
187,19,16,10,0,20.0,4.9,
188,13,15,4,6,30.0,2.2,95.0
189,3,13,7,18,40.0,,88.0
190,13,15,6,,,1.8,
191,17,11,6,1,75.0,4.6,92.0
192,2,4,6,20,75.0,2.8,75.0
193,11,9,5,,30.0,1.4,74.0
194,15,14,2,25,30.0,4.2,71.0
195,16,1,6,20,40.0,3.6,89.0
196,10,8,10,33,100.0,1.6,66.0
197,14,3,4,6,100.0,2.0,
198,7,5,7,11,40.0,4.3,86.0
199,9,7,6,28,100.0,4.9,86.0
200,1,15,4,11,100.0,3.5,82.0
201,18,15,1,2,100.0,2.5,87.0
202,5,12,7,7,100.0,1.7,80.0
203,11,9,5,10,100.0,4.6,71.0
204,15,14,8,6,50.0,,77.0
205,11,9,5,29,30.0,1.7,68.0
206,6,2,6,0,20.0,1.8,91.0
207,4,4,9,5,20.0,2.2,75.0
208,18,15,2,11,40.0,1.0,90.0
209,5,12,7,11,75.0,3.2,93.0
210,8,6,4,15,40.0,2.1,94.0
211,4,4,8,1,50.0,4.6,64.0
212,17,11,3,8,20.0,0.0,84.0
213,11,9,7,30,20.0,2.8,87.0
214,8,6,2,8,40.0,0.0,64.0
215,10,8,7,0,100.0,2.7,64.0
216,9,7,7,12,20.0,0.0,80.0
217,18,15,8,4,50.0,3.1,90.0
218,17,11,10,14,100.0,0.0,92.0
219,10,8,6,14,,,96.0
220,4,4,9,2,30.0,2.3,
221,5,12,3,2,100.0,2.4,
222,17,11,7,4,75.0,2.6,85.0
223,4,4,1,0,40.0,1.1,79.0
224,5,12,7,9,30.0,0.0,65.0
225,4,4,7,3,40.0,4.7,63.0
226,16,1,10,2,40.0,1.2,
227,8,6,7,10,40.0,1.2,78.0
228,4,4,6,33,75.0,0.0,62.0
229,13,15,7,12,40.0,1.2,76.0
230,10,8,2,18,100.0,2.9,97.0
231,3,13,2,4,,,
232,6,2,4,11,50.0,3.9,82.0
233,7,5,4,1,50.0,3.1,71.0
234,13,15,9,2,,0.0,
235,17,11,6,2,50.0,3.2,
236,17,11,2,34,30.0,,
237,17,11,6,27,100.0,4.7,69.0
238,4,4,1,4,75.0,5.0,88.0
239,11,9,8,11,40.0,,67.0
240,21,4,10,4,50.0,4.0,
241,9,7,1,11,,1.2,
242,13,15,1,1,100.0,4.7,67.0
243,16,1,7,2,20.0,2.4,86.0
244,13,15,6,2,,1.1,69.0
245,21,4,8,10,50.0,1.4,85.0
246,21,4,9,18,40.0,3.4,60.0
247,19,16,2,4,40.0,2.7,70.0
248,1,15,10,23,,4.9,
249,5,12,4,6,75.0,1.9,81.0
250,9,7,8,5,100.0,,
251,13,15,5,19,75.0,4.6,78.0
252,8,6,9,6,50.0,0.0,81.0
253,8,6,4,8,75.0,1.8,71.0
254,18,15,8,3,75.0,2.0,
255,16,1,9,8,30.0,5.0,99.0
256,17,11,4,12,20.0,3.2,66.0
257,2,4,2,30,30.0,2.4,80.0
258,4,4,10,21,100.0,2.9,83.0
259,3,13,9,17,20.0,0.0,87.0
260,19,16,4,9,30.0,3.0,76.0
261,18,15,9,2,50.0,1.6,89.0
262,7,5,6,1,20.0,3.6,94.0
263,11,9,10,23,,2.1,68.0
264,8,6,5,8,30.0,3.6,96.0
265,4,4,4,6,20.0,2.7,91.0
266,9,7,2,1,100.0,2.1,92.0
267,17,11,10,19,40.0,4.9,82.0
268,1,15,1,2,30.0,2.1,
269,12,10,10,21,100.0,0.0,91.0
270,12,10,7,3,50.0,2.8,86.0
271,16,1,8,14,,,69.0
272,16,1,9,10,100.0,4.7,84.0
273,20,4,3,5,100.0,1.3,60.0
274,14,3,2,6,75.0,1.6,97.0
275,7,5,10,21,100.0,0.0,70.0
276,5,12,9,4,100.0,3.6,81.0
277,15,14,7,18,20.0,4.7,88.0
278,16,1,9,12,40.0,,100.0
279,19,16,4,6,,3.2,95.0
280,20,4,2,4,20.0,,71.0
281,10,8,9,13,20.0,4.7,85.0
282,9,7,8,6,30.0,,96.0
283,14,3,6,10,20.0,2.4,92.0
284,17,11,3,20,50.0,,79.0
285,12,10,10,20,75.0,2.9,
286,16,1,3,11,50.0,0.0,
287,17,11,7,12,20.0,0.0,89.0
288,18,15,7,1,100.0,1.5,100.0
289,9,7,7,2,30.0,1.9,81.0
290,20,4,2,13,100.0,3.1,95.0
291,10,8,9,0,,1.8,88.0
292,12,10,10,7,30.0,2.4,66.0
293,9,7,2,13,100.0,4.2,84.0
294,13,15,10,21,50.0,1.4,
295,2,4,10,19,40.0,1.2,82.0
296,20,4,5,34,,2.1,84.0
297,16,1,4,3,100.0,1.4,73.0
298,17,11,8,0,30.0,3.8,93.0
299,4,4,7,20,50.0,0.0,64.0
300,14,3,8,6,40.0,3.5,76.0
301,9,7,7,13,100.0,0.0,97.0
302,16,1,4,9,75.0,2.2,95.0
303,15,14,10,2,75.0,2.5,65.0
304,4,4,6,0,50.0,4.7,77.0
305,6,2,4,0,20.0,3.9,
306,5,12,4,2,75.0,1.6,67.0
307,7,5,3,2,50.0,,84.0
308,17,11,8,1,30.0,3.6,87.0
309,3,13,7,14,30.0,1.2,91.0
310,16,1,7,14,75.0,3.0,78.0
311,14,3,9,2,50.0,3.9,
312,2,4,5,1,40.0,1.7,74.0
313,3,13,5,13,20.0,4.5,91.0
314,21,4,6,23,40.0,3.6,71.0
315,8,6,3,,75.0,3.6,87.0
316,1,15,2,3,100.0,2.8,61.0
317,14,3,5,0,100.0,5.0,
318,8,6,6,0,100.0,1.4,81.0
319,15,14,4,17,30.0,,
320,1,15,7,9,40.0,4.6,84.0
321,17,11,2,4,20.0,3.3,
322,4,4,3,0,40.0,3.7,
323,3,13,6,33,,0.0,60.0
324,9,7,3,18,50.0,0.0,64.0
325,12,10,8,9,40.0,,64.0
326,18,15,4,40,75.0,3.4,100.0
327,1,15,10,1,40.0,1.6,100.0
328,5,12,8,5,20.0,1.9,
329,1,15,1,4,50.0,0.0,83.0
330,11,9,7,13,40.0,,87.0
331,21,4,8,33,100.0,,75.0
332,20,4,8,22,40.0,1.1,61.0
333,21,4,5,34,,2.5,93.0
334,8,6,8,8,30.0,3.6,
335,1,15,10,1,20.0,,99.0
336,20,4,9,20,50.0,4.4,73.0
337,21,4,6,11,75.0,2.1,96.0
338,19,16,4,2,40.0,0.0,60.0
339,17,11,6,6,20.0,1.0,64.0
340,8,6,2,20,30.0,0.0,
341,4,4,5,,20.0,4.9,
342,11,9,1,4,30.0,4.7,99.0
343,11,9,2,3,40.0,2.1,
344,14,3,8,33,40.0,1.5,71.0
345,2,4,3,1,,2.6,72.0
346,19,16,10,23,50.0,0.0,66.0
347,7,5,4,13,40.0,,78.0
348,2,4,5,1,20.0,4.0,100.0
349,11,9,5,15,40.0,4.5,
350,3,13,8,18,75.0,3.8,67.0
351,21,4,7,21,50.0,4.0,78.0
352,14,3,5,1,40.0,4.9,78.0
353,4,4,10,25,30.0,3.4,75.0
354,11,9,3,12,50.0,2.1,67.0
355,12,10,6,32,40.0,0.0,86.0
356,1,15,9,,100.0,4.5,77.0
357,17,11,9,10,30.0,3.8,61.0
358,9,7,9,0,,4.3,90.0
359,5,12,4,1,50.0,0.0,98.0
360,9,7,3,2,30.0,,99.0
361,14,3,4,9,40.0,2.6,61.0
362,12,10,4,22,50.0,1.6,61.0
363,1,15,2,5,30.0,2.3,91.0
364,4,4,3,6,75.0,4.6,72.0
365,2,4,10,26,100.0,2.1,
366,17,11,2,,40.0,1.5,96.0
367,5,12,1,9,40.0,1.7,72.0
368,12,10,4,11,,3.3,
369,17,11,7,,40.0,4.3,63.0
370,3,13,7,3,20.0,,
371,11,9,4,15,75.0,2.6,83.0
372,13,15,6,12,20.0,4.1,94.0
373,9,7,4,19,40.0,2.2,78.0
374,14,3,4,13,30.0,1.1,
375,1,15,2,,50.0,2.1,82.0
376,8,6,3,3,30.0,2.3,66.0
377,2,4,6,26,,3.6,82.0
378,8,6,7,4,20.0,4.7,84.0
379,4,4,3,8,20.0,4.8,81.0
380,16,1,1,10,75.0,4.2,71.0
381,11,9,7,5,,4.8,61.0
382,18,15,2,18,75.0,4.0,66.0
383,6,2,4,10,20.0,2.5,97.0
384,20,4,9,0,20.0,4.8,74.0
385,13,15,2,21,30.0,4.7,61.0
386,6,2,2,25,20.0,4.0,90.0
387,14,3,5,0,40.0,4.1,97.0
388,4,4,5,5,100.0,3.2,
389,6,2,10,1,20.0,4.3,76.0
390,5,12,3,4,40.0,4.4,92.0
391,16,1,4,21,40.0,2.3,
392,16,1,1,1,20.0,2.4,66.0
393,11,9,5,,50.0,4.6,83.0
394,8,6,9,10,50.0,0.0,
395,6,2,2,21,,0.0,
396,15,14,3,0,20.0,4.2,82.0
397,1,15,4,0,50.0,2.3,77.0
398,14,3,4,17,50.0,4.7,73.0
399,17,11,3,5,,3.0,88.0
400,21,4,9,3,30.0,2.4,81.0
401,15,14,4,1,20.0,1.7,78.0
402,19,16,3,2,75.0,0.0,92.0
403,8,6,5,32,30.0,,64.0
404,2,4,2,14,30.0,0.0,78.0
405,16,1,10,10,20.0,1.8,85.0
406,14,3,3,27,50.0,0.0,78.0
407,7,5,1,2,30.0,3.8,98.0
408,12,10,1,33,40.0,0.0,63.0
409,10,8,6,11,40.0,3.6,73.0
410,18,15,6,2,30.0,0.0,94.0
411,2,4,10,31,50.0,4.1,81.0
412,19,16,6,17,50.0,2.6,61.0
413,3,13,9,2,100.0,0.0,
414,6,2,10,2,20.0,1.3,83.0
415,17,11,3,22,30.0,4.1,
416,13,15,7,8,50.0,2.4,68.0
417,13,15,4,9,50.0,0.0,74.0
418,6,2,10,32,100.0,4.4,91.0
419,7,5,1,8,100.0,2.2,97.0
420,2,4,8,10,30.0,0.0,96.0
421,16,1,5,0,50.0,1.1,73.0
422,9,7,3,22,,1.4,72.0
423,13,15,9,34,100.0,0.0,74.0
424,1,15,8,5,30.0,1.5,
425,9,7,1,3,20.0,0.0,
426,14,3,7,10,75.0,0.0,74.0
427,21,4,5,,100.0,3.5,71.0
428,14,3,9,6,,4.8,83.0
429,11,9,7,1,75.0,,63.0
430,4,4,1,0,,4.8,84.0
431,16,1,10,,,1.4,93.0
432,9,7,1,13,100.0,1.1,
433,14,3,7,13,50.0,3.3,93.0
434,8,6,2,0,30.0,4.6,97.0
435,1,15,7,7,75.0,2.8,92.0
436,2,4,5,6,50.0,5.0,92.0
437,9,7,3,2,75.0,4.7,68.0
438,21,4,9,13,100.0,3.5,95.0
439,17,11,9,7,100.0,4.3,76.0
440,11,9,5,7,100.0,3.3,66.0
441,1,15,8,15,75.0,,73.0
442,12,10,1,,20.0,2.8,99.0
443,5,12,6,5,,2.7,94.0
444,5,12,2,,50.0,0.0,84.0
445,15,14,3,10,20.0,,92.0
446,6,2,5,6,75.0,4.3,
447,20,4,1,8,50.0,,90.0
448,2,4,8,4,20.0,,73.0
449,6,2,1,3,100.0,,73.0
450,1,15,7,,30.0,2.9,78.0
451,14,3,3,11,30.0,0.0,63.0
452,14,3,1,17,50.0,1.3,64.0
453,1,15,10,1,75.0,0.0,
454,10,8,1,16,20.0,4.8,86.0
455,1,15,7,11,40.0,2.4,
456,15,14,8,3,100.0,4.7,96.0
457,21,4,6,,75.0,2.0,
458,21,4,8,3,50.0,2.2,77.0
459,4,4,7,1,100.0,2.1,
460,6,2,4,1,30.0,1.7,65.0
461,7,5,8,35,,5.0,62.0
462,19,16,4,1,50.0,2.9,81.0
463,12,10,5,12,50.0,4.1,62.0
464,13,15,10,8,40.0,4.9,87.0
465,3,13,7,13,100.0,2.5,
466,6,2,4,0,30.0,0.0,76.0
467,5,12,2,11,100.0,2.8,70.0
468,5,12,7,19,100.0,3.8,71.0
469,4,4,8,30,30.0,4.3,83.0
470,2,4,2,8,40.0,0.0,78.0
471,10,8,3,0,40.0,1.3,78.0
472,9,7,8,7,50.0,4.7,60.0
473,7,5,2,11,40.0,1.3,
474,5,12,2,,75.0,4.8,
475,21,4,9,14,30.0,1.3,94.0
476,10,8,3,11,50.0,4.3,62.0
477,18,15,3,31,30.0,,
478,14,3,5,16,30.0,0.0,
479,14,3,5,6,30.0,0.0,84.0
480,4,4,5,21,75.0,2.7,
481,7,5,3,13,40.0,2.4,65.0
482,20,4,10,,40.0,1.9,94.0
483,14,3,8,11,20.0,3.6,69.0
484,14,3,8,0,50.0,2.9,65.0
485,6,2,8,2,75.0,2.8,60.0
486,19,16,5,12,75.0,2.6,
487,15,14,2,13,100.0,2.7,62.0
488,16,1,8,6,30.0,1.1,
489,10,8,10,10,30.0,0.0,89.0
490,3,13,9,2,40.0,0.0,89.0
491,18,15,2,4,50.0,0.0,100.0
492,2,4,10,11,,4.6,
493,15,14,9,14,40.0,1.5,60.0
494,4,4,9,10,40.0,2.0,85.0
495,17,11,6,3,40.0,1.6,83.0
496,1,15,1,3,30.0,1.5,96.0
497,14,3,2,33,,4.1,83.0
498,10,8,4,24,100.0,4.7,60.0
499,15,14,9,3,100.0,3.6,78.0
500,6,2,10,11,20.0,1.8,90.0
501,2,4,4,7,100.0,2.1,66.0
502,13,15,5,1,50.0,,70.0
503,12,10,9,0,30.0,4.2,79.0
504,17,11,2,1,40.0,0.0,64.0
505,20,4,8,1,30.0,1.0,81.0
506,1,15,1,7,75.0,4.4,83.0
507,13,15,2,,40.0,4.0,91.0
508,20,4,3,6,50.0,3.1,
509,3,13,10,5,75.0,1.1,77.0
510,21,4,5,17,75.0,0.0,94.0
511,8,6,10,0,20.0,3.8,61.0
512,1,15,9,8,100.0,1.7,68.0
513,18,15,7,13,50.0,2.2,70.0
514,20,4,4,15,40.0,4.1,71.0
515,21,4,2,2,100.0,3.8,
516,12,10,7,9,30.0,0.0,78.0
517,19,16,1,3,50.0,0.0,75.0
518,5,12,1,15,20.0,4.2,91.0
519,20,4,4,21,75.0,2.2,66.0
520,10,8,3,2,75.0,1.5,68.0
521,5,12,3,21,100.0,0.0,
522,7,5,5,0,100.0,4.1,62.0
523,6,2,2,4,40.0,2.6,90.0
524,21,4,9,23,100.0,2.4,96.0
525,21,4,2,25,50.0,1.4,60.0
526,19,16,8,10,,4.6,62.0
527,11,9,4,18,40.0,4.9,74.0
528,18,15,2,1,20.0,0.0,
529,20,4,5,12,30.0,3.5,98.0
530,8,6,7,,,1.7,63.0
531,4,4,2,5,50.0,0.0,96.0
532,9,7,8,28,20.0,0.0,88.0
533,9,7,1,0,,4.6,
534,8,6,10,14,40.0,1.1,73.0
535,21,4,6,15,,4.2,88.0
536,16,1,9,9,,0.0,91.0
537,5,12,8,9,30.0,3.9,65.0
538,13,15,9,22,20.0,3.4,90.0
539,8,6,5,0,20.0,2.6,72.0
540,11,9,5,1,40.0,2.3,72.0
541,12,10,2,5,30.0,4.8,
542,5,12,4,0,40.0,4.5,68.0
543,18,15,2,0,30.0,0.0,87.0
544,13,15,3,19,75.0,0.0,72.0
545,2,4,4,2,40.0,1.1,76.0
546,19,16,8,0,100.0,0.0,63.0
547,4,4,4,2,40.0,,91.0
548,20,4,1,0,100.0,,73.0
549,14,3,3,1,40.0,0.0,63.0
550,20,4,5,3,20.0,,79.0
551,1,15,1,,20.0,4.1,75.0
552,7,5,10,1,,0.0,70.0
553,2,4,5,0,100.0,1.2,87.0
554,11,9,2,7,30.0,1.6,
555,19,16,5,1,50.0,3.9,88.0
556,17,11,3,21,40.0,0.0,
557,21,4,9,1,20.0,4.7,93.0
558,19,16,6,15,,3.8,
559,16,1,3,33,100.0,3.5,74.0
560,1,15,6,39,75.0,4.0,70.0
561,6,2,6,21,30.0,1.6,67.0
562,7,5,3,5,40.0,3.0,86.0
563,13,15,5,11,50.0,5.0,69.0
564,19,16,6,0,30.0,4.8,68.0
565,20,4,5,15,50.0,,
566,5,12,5,22,,2.9,61.0
567,19,16,9,3,,3.0,96.0
568,4,4,3,11,50.0,3.5,68.0
569,1,15,10,5,40.0,,75.0
570,4,4,9,3,40.0,4.7,69.0
571,21,4,5,1,,2.9,78.0
572,13,15,1,1,75.0,4.4,
573,10,8,8,2,40.0,2.3,98.0
574,13,15,1,3,30.0,3.7,83.0
575,13,15,6,11,,1.8,91.0
576,6,2,1,,100.0,0.0,96.0
577,17,11,6,2,50.0,,85.0
578,10,8,10,20,30.0,2.7,72.0
579,7,5,10,11,20.0,4.7,69.0
580,20,4,5,0,20.0,3.1,90.0
581,20,4,8,20,20.0,2.3,92.0
582,8,6,5,3,20.0,1.3,91.0
583,6,2,5,28,50.0,2.9,
584,9,7,4,0,40.0,3.3,98.0
585,21,4,9,4,20.0,4.2,82.0
586,13,15,9,9,40.0,1.3,83.0
587,20,4,8,2,100.0,4.4,
588,2,4,5,1,100.0,3.4,
589,14,3,1,2,100.0,3.4,85.0
590,1,15,8,16,20.0,3.2,
591,13,15,2,22,20.0,3.6,63.0
592,4,4,3,22,20.0,0.0,
593,5,12,2,5,40.0,1.8,86.0
594,2,4,6,2,75.0,2.5,60.0
595,4,4,3,24,40.0,2.0,88.0
596,11,9,8,37,40.0,0.0,70.0
597,7,5,6,3,50.0,1.3,77.0
598,1,15,10,18,75.0,0.0,80.0
599,6,2,7,6,40.0,3.6,
600,18,15,5,17,,1.3,87.0
601,4,4,2,1,75.0,2.7,93.0
602,21,4,1,39,100.0,1.5,88.0
603,17,11,2,15,20.0,0.0,100.0
604,10,8,1,13,40.0,0.0,61.0
605,17,11,10,17,100.0,3.0,79.0
606,12,10,8,1,30.0,1.2,73.0
607,11,9,9,16,,1.3,64.0
608,3,13,10,9,100.0,,
609,19,16,8,20,50.0,3.8,93.0
610,4,4,2,29,30.0,3.8,68.0
611,17,11,10,21,40.0,4.7,62.0
612,11,9,8,28,40.0,1.1,
613,12,10,6,5,50.0,4.2,82.0
614,17,11,10,0,,0.0,
615,14,3,7,27,75.0,0.0,85.0
616,10,8,6,26,100.0,2.4,78.0
617,19,16,2,19,40.0,0.0,86.0
618,15,14,5,24,40.0,,88.0
619,16,1,5,7,30.0,3.3,68.0
620,2,4,10,13,100.0,1.4,97.0
621,6,2,9,2,75.0,1.7,91.0
622,13,15,7,37,30.0,4.8,
623,20,4,6,1,,4.8,97.0
624,5,12,5,5,30.0,2.0,64.0
625,18,15,2,1,50.0,2.8,87.0
626,2,4,4,2,100.0,0.0,86.0
627,11,9,8,,100.0,4.4,97.0
628,7,5,2,0,30.0,4.9,73.0
629,16,1,1,0,75.0,2.3,60.0
630,19,16,10,41,40.0,4.9,66.0
631,4,4,5,,75.0,4.3,90.0
632,17,11,9,23,75.0,1.4,
633,7,5,8,0,100.0,,
634,14,3,7,4,,1.3,77.0
635,5,12,9,4,75.0,2.3,79.0
636,18,15,7,13,40.0,3.6,83.0
637,14,3,5,2,50.0,,64.0
638,2,4,3,25,100.0,1.3,80.0
639,13,15,8,18,30.0,1.1,90.0
640,13,15,10,24,50.0,0.0,94.0
641,12,10,1,7,40.0,1.8,70.0
642,13,15,7,1,20.0,,75.0
643,2,4,2,17,75.0,3.3,69.0
644,8,6,6,4,30.0,4.2,
645,13,15,1,29,50.0,,79.0
646,16,1,4,2,100.0,3.8,71.0
647,9,7,3,9,100.0,4.8,72.0
648,8,6,5,10,100.0,4.3,93.0
649,3,13,7,20,,4.8,82.0
650,2,4,3,9,40.0,,60.0
651,20,4,1,12,20.0,4.0,93.0
652,20,4,1,3,50.0,,
653,18,15,10,13,30.0,0.0,74.0
654,8,6,9,4,40.0,2.3,73.0
655,8,6,4,9,75.0,,96.0
656,4,4,6,14,30.0,3.8,66.0
657,7,5,3,37,30.0,4.0,62.0
658,8,6,6,2,75.0,2.2,85.0
659,5,12,1,11,100.0,4.3,66.0
660,4,4,3,19,20.0,0.0,87.0
661,21,4,7,9,20.0,0.0,68.0
662,4,4,9,16,100.0,4.0,
663,14,3,8,8,50.0,,
664,9,7,8,34,100.0,2.0,79.0
665,14,3,8,5,50.0,4.7,88.0
666,4,4,10,14,50.0,3.6,81.0
667,17,11,9,17,50.0,1.2,
668,13,15,1,10,,4.4,67.0
669,20,4,5,8,100.0,1.4,62.0
670,4,4,5,1,30.0,3.2,87.0
671,6,2,3,10,,3.8,98.0
672,17,11,2,0,75.0,1.5,64.0
673,18,15,6,4,,2.8,71.0
674,6,2,1,2,50.0,2.7,96.0
675,2,4,2,10,30.0,3.9,
676,21,4,6,16,100.0,4.6,78.0
677,18,15,3,27,20.0,2.2,70.0
678,5,12,5,20,50.0,2.5,82.0
679,7,5,1,10,,3.1,
680,17,11,6,0,20.0,,99.0
681,14,3,10,11,75.0,3.8,93.0
682,5,12,2,1,100.0,4.8,75.0
683,13,15,6,30,100.0,2.5,61.0
684,4,4,2,7,30.0,0.0,97.0
685,12,10,9,0,100.0,1.7,95.0
686,17,11,6,21,40.0,4.0,69.0
687,8,6,5,7,100.0,1.9,63.0
688,12,10,3,,30.0,4.4,65.0
689,5,12,8,,,4.2,90.0
690,4,4,9,25,100.0,4.8,
691,10,8,10,1,30.0,2.0,89.0
692,15,14,4,7,50.0,,80.0
693,7,5,8,,50.0,1.4,80.0
694,8,6,4,6,100.0,1.8,
695,16,1,6,35,,0.0,67.0
696,9,7,8,1,40.0,0.0,96.0
697,18,15,6,,20.0,0.0,90.0
698,17,11,9,0,,3.9,62.0
699,21,4,7,9,100.0,,72.0
700,5,12,9,18,50.0,4.4,83.0
701,19,16,6,22,100.0,4.4,70.0
702,15,14,2,25,50.0,0.0,99.0
703,5,12,4,6,50.0,1.4,97.0
704,4,4,7,10,20.0,3.2,77.0
705,4,4,5,4,50.0,2.0,92.0
706,18,15,8,11,50.0,3.3,76.0
707,10,8,6,1,50.0,0.0,97.0
708,6,2,6,35,100.0,2.3,
709,14,3,10,17,20.0,0.0,99.0
710,15,14,1,12,30.0,2.6,
711,16,1,7,30,40.0,3.3,82.0
712,4,4,3,20,75.0,3.6,78.0
713,21,4,3,22,100.0,3.7,
714,20,4,1,32,20.0,3.4,
715,2,4,9,9,50.0,4.0,72.0
716,2,4,10,22,40.0,4.5,
717,17,11,7,1,75.0,4.3,
718,4,4,3,4,75.0,4.0,
719,3,13,8,8,50.0,1.6,
720,12,10,4,3,100.0,0.0,
721,17,11,9,30,75.0,,94.0
722,18,15,2,11,20.0,4.9,
723,13,15,5,8,20.0,2.8,
724,19,16,9,11,30.0,3.6,77.0
725,4,4,3,9,50.0,,84.0
726,18,15,10,7,40.0,4.5,79.0
727,12,10,4,24,40.0,3.1,69.0
728,7,5,9,0,40.0,4.9,68.0
729,17,11,9,21,30.0,4.2,73.0
730,13,15,2,0,75.0,3.2,74.0
731,15,14,10,7,20.0,,100.0
732,20,4,8,3,40.0,0.0,87.0
733,8,6,10,21,100.0,2.2,79.0
734,9,7,2,,30.0,1.5,68.0
735,8,6,4,,100.0,,84.0
736,7,5,9,17,50.0,3.1,71.0
737,1,15,9,0,75.0,0.0,92.0
738,14,3,1,6,100.0,,69.0
739,4,4,7,3,,0.0,71.0
740,8,6,2,3,,,77.0
741,11,9,10,31,50.0,3.0,87.0
742,4,4,10,5,30.0,2.6,76.0
743,9,7,1,37,75.0,4.1,
744,2,4,5,10,50.0,1.5,65.0
745,10,8,1,28,50.0,2.9,82.0
746,13,15,1,0,100.0,0.0,87.0
747,14,3,7,19,40.0,4.9,100.0
748,6,2,2,9,50.0,3.0,71.0
749,5,12,7,5,30.0,4.9,87.0
750,17,11,2,0,30.0,4.6,70.0
751,14,3,1,21,100.0,2.2,83.0
752,1,15,10,0,40.0,,74.0
753,4,4,2,0,30.0,1.1,86.0
754,5,12,2,17,40.0,4.5,72.0
755,7,5,1,21,,2.5,73.0
756,12,10,4,7,75.0,2.9,78.0
757,10,8,1,22,75.0,0.0,
758,11,9,5,,75.0,3.5,75.0
759,2,4,1,1,40.0,4.5,96.0
760,17,11,8,5,40.0,1.7,61.0
761,5,12,5,40,50.0,4.6,100.0
762,4,4,2,19,50.0,,82.0
763,8,6,6,12,,4.9,80.0
764,9,7,2,7,40.0,2.2,96.0
765,10,8,2,4,20.0,,63.0
766,2,4,6,24,40.0,2.2,67.0
767,12,10,4,1,30.0,3.3,61.0
768,8,6,8,28,30.0,4.9,77.0
769,21,4,8,19,75.0,0.0,
770,17,11,4,4,50.0,,84.0
771,19,16,10,20,100.0,,89.0
772,15,14,8,19,30.0,4.0,90.0
773,21,4,3,1,20.0,4.8,87.0
774,16,1,8,8,50.0,0.0,77.0
775,18,15,5,3,30.0,1.6,72.0
776,13,15,5,30,50.0,1.3,87.0
777,5,12,2,3,40.0,4.1,89.0
778,19,16,10,19,40.0,1.5,87.0
779,15,14,8,11,40.0,4.3,76.0
780,2,4,7,26,50.0,1.6,100.0
781,6,2,8,10,100.0,3.7,94.0
782,21,4,3,17,50.0,1.4,
783,1,15,2,9,100.0,4.5,83.0
784,5,12,4,0,40.0,3.7,74.0
785,20,4,5,5,75.0,1.1,92.0
786,1,15,8,15,,3.7,66.0
787,3,13,7,3,50.0,3.2,74.0
788,11,9,9,1,30.0,5.0,97.0
789,6,2,6,13,30.0,0.0,77.0
790,13,15,9,6,,3.5,86.0
791,21,4,3,4,50.0,3.1,95.0
792,3,13,3,7,,3.9,72.0
793,18,15,1,1,,3.5,71.0
794,2,4,4,5,100.0,2.5,93.0
795,20,4,5,29,40.0,3.1,
796,15,14,3,12,100.0,4.7,87.0
797,4,4,5,4,,1.9,73.0
798,14,3,10,12,,1.6,74.0
799,4,4,5,3,20.0,2.5,62.0
800,7,5,4,15,20.0,3.5,98.0
801,18,15,8,15,50.0,,80.0
802,19,16,6,13,20.0,1.2,69.0
803,18,15,2,20,30.0,,90.0
804,20,4,7,30,75.0,,74.0
805,8,6,1,4,50.0,4.5,98.0
806,10,8,6,,20.0,,84.0
807,15,14,10,3,20.0,5.0,75.0
808,8,6,8,23,75.0,3.9,
809,2,4,3,5,100.0,1.8,97.0
810,15,14,10,28,30.0,4.2,
811,6,2,1,0,20.0,2.6,64.0
812,15,14,4,30,30.0,2.0,68.0
813,15,14,6,20,75.0,2.7,67.0
814,2,4,8,0,30.0,2.3,79.0
815,17,11,9,4,40.0,3.8,100.0
816,20,4,9,10,40.0,,66.0
817,1,15,6,24,75.0,4.6,97.0
818,10,8,7,21,100.0,3.4,62.0
819,5,12,4,2,20.0,,
820,9,7,2,14,75.0,0.0,79.0
821,5,12,8,15,40.0,3.9,86.0
822,2,4,9,11,30.0,4.2,65.0
823,12,10,1,6,20.0,,99.0
824,6,2,6,2,100.0,3.6,85.0
825,17,11,1,1,50.0,,81.0
826,5,12,4,2,40.0,2.1,64.0
827,1,15,7,2,20.0,3.9,84.0
828,15,14,7,2,40.0,0.0,66.0
829,17,11,10,12,75.0,0.0,75.0
830,18,15,1,28,30.0,1.8,
831,10,8,1,4,20.0,1.1,63.0
832,18,15,2,3,20.0,1.6,70.0
833,6,2,7,4,30.0,3.1,90.0
834,11,9,5,1,50.0,3.4,79.0
835,8,6,1,8,40.0,3.1,60.0
836,20,4,5,11,75.0,2.3,
837,14,3,1,8,40.0,,80.0
838,17,11,10,32,50.0,3.2,88.0
839,9,7,9,4,30.0,0.0,80.0
840,18,15,3,33,30.0,3.3,71.0
841,16,1,8,14,,1.1,76.0
842,21,4,9,6,30.0,4.6,93.0
843,19,16,2,5,30.0,,
844,10,8,3,3,75.0,,83.0
845,10,8,8,17,100.0,0.0,71.0
846,11,9,3,9,20.0,0.0,96.0
847,7,5,6,16,40.0,0.0,
848,15,14,1,3,75.0,3.4,65.0
849,13,15,4,2,20.0,1.3,
850,7,5,3,16,50.0,1.9,71.0
851,7,5,10,6,50.0,1.4,63.0
852,9,7,9,10,100.0,4.3,
853,18,15,6,16,30.0,,97.0
854,19,16,9,0,100.0,4.3,
855,12,10,1,13,75.0,0.0,
856,19,16,5,12,,1.3,85.0
857,2,4,3,13,50.0,2.9,82.0
858,13,15,6,22,40.0,4.3,95.0
859,21,4,6,1,,2.7,94.0
860,13,15,10,,50.0,4.2,96.0
861,4,4,2,12,40.0,0.0,63.0
862,12,10,1,,20.0,2.2,60.0
863,6,2,7,12,50.0,4.7,77.0
864,5,12,5,0,30.0,0.0,63.0
865,3,13,8,18,20.0,2.5,61.0
866,15,14,8,2,50.0,3.9,88.0
867,19,16,3,,100.0,1.2,69.0
868,10,8,4,2,75.0,4.5,
869,5,12,9,35,40.0,2.7,82.0
870,13,15,8,21,75.0,2.0,96.0
871,15,14,5,3,40.0,1.7,71.0
872,8,6,8,24,75.0,3.0,77.0
873,18,15,2,,75.0,2.1,
874,17,11,9,0,75.0,1.5,73.0
875,15,14,10,2,30.0,1.7,60.0
876,18,15,1,,,1.2,67.0
877,9,7,8,6,75.0,0.0,80.0
878,2,4,6,21,20.0,,
879,21,4,9,24,40.0,3.3,87.0
880,17,11,1,6,20.0,2.1,
881,14,3,10,32,50.0,,
882,6,2,8,31,100.0,2.9,89.0
883,17,11,1,,20.0,3.3,93.0
884,4,4,3,24,100.0,4.8,84.0
885,10,8,5,,100.0,4.5,78.0
886,14,3,9,6,50.0,3.1,90.0
887,20,4,5,11,,4.9,88.0
888,10,8,4,,20.0,0.0,76.0
889,11,9,10,14,75.0,1.5,62.0
890,12,10,5,2,75.0,2.4,
891,15,14,5,2,100.0,4.5,75.0
892,11,9,9,11,100.0,2.5,80.0
893,8,6,6,13,30.0,3.3,63.0
894,9,7,2,7,75.0,3.0,84.0
895,4,4,3,25,75.0,2.7,78.0
896,4,4,6,20,20.0,1.2,74.0
897,21,4,9,8,50.0,4.3,90.0
898,14,3,1,6,40.0,1.3,
899,8,6,9,3,50.0,4.6,
900,10,8,9,18,50.0,2.1,75.0
901,21,4,2,18,40.0,4.5,72.0
902,15,14,9,3,40.0,4.4,92.0
903,15,14,6,32,20.0,0.0,
904,1,15,8,19,20.0,1.3,
905,9,7,4,2,50.0,2.6,86.0
906,20,4,2,0,,,85.0
907,1,15,7,13,40.0,1.2,62.0
908,17,11,1,2,30.0,3.1,91.0
909,19,16,10,11,75.0,2.3,80.0
910,7,5,3,17,100.0,4.0,72.0
911,9,7,2,10,75.0,1.9,
912,16,1,7,26,75.0,2.4,
913,16,1,4,,30.0,,74.0
914,16,1,8,8,50.0,3.7,82.0
915,17,11,7,22,100.0,1.1,85.0
916,19,16,4,8,75.0,2.3,68.0
917,4,4,10,22,40.0,3.7,99.0
918,11,9,6,14,30.0,1.9,62.0
919,16,1,9,6,30.0,1.5,
920,19,16,6,14,30.0,0.0,83.0
921,21,4,10,2,30.0,3.6,92.0
922,18,15,5,4,75.0,2.1,85.0
923,17,11,1,4,75.0,2.9,
924,17,11,8,24,100.0,3.6,
925,3,13,2,29,30.0,3.3,89.0
926,16,1,9,13,,2.5,81.0
927,16,1,5,1,100.0,3.7,61.0
928,17,11,7,,30.0,4.6,
929,15,14,2,15,40.0,0.0,92.0
930,7,5,7,2,30.0,2.0,96.0
931,19,16,10,14,100.0,1.7,66.0
932,4,4,6,0,100.0,3.0,64.0
933,2,4,1,15,40.0,3.4,100.0
934,10,8,2,6,40.0,3.2,95.0
935,13,15,8,11,,2.8,91.0
936,15,14,5,8,20.0,4.1,82.0
937,14,3,1,3,20.0,0.0,95.0
938,11,9,3,0,,0.0,95.0
939,17,11,8,7,30.0,,69.0
940,18,15,6,6,40.0,,91.0
941,10,8,8,9,30.0,2.7,
942,3,13,1,15,40.0,4.0,62.0
943,4,4,4,20,20.0,2.5,81.0
944,3,13,4,16,75.0,0.0,94.0
945,6,2,5,22,30.0,,95.0
946,19,16,6,2,,1.6,100.0
947,13,15,1,1,75.0,0.0,94.0
948,19,16,8,8,30.0,4.0,92.0
949,7,5,5,8,50.0,2.5,95.0
950,3,13,5,7,20.0,3.8,97.0
951,20,4,5,8,50.0,4.8,75.0
952,13,15,4,6,40.0,2.0,78.0
953,19,16,5,16,100.0,3.3,65.0
954,20,4,4,40,40.0,2.5,70.0
955,4,4,2,6,100.0,,78.0
956,2,4,10,3,50.0,,96.0
957,2,4,1,5,100.0,0.0,80.0
958,19,16,9,12,20.0,1.6,64.0
959,7,5,9,33,50.0,0.0,92.0
960,6,2,2,1,100.0,0.0,
961,14,3,5,27,20.0,4.7,71.0
962,8,6,9,1,100.0,0.0,95.0
963,3,13,10,,20.0,4.1,86.0
964,8,6,1,2,30.0,1.3,77.0
965,20,4,9,40,100.0,2.6,
966,14,3,3,4,20.0,2.7,72.0
967,17,11,7,9,40.0,,70.0
968,20,4,3,13,30.0,3.6,86.0
969,9,7,6,1,75.0,3.0,
970,9,7,10,1,,0.0,82.0
971,7,5,8,3,40.0,0.0,81.0
972,7,5,6,1,40.0,3.1,76.0
973,10,8,2,3,30.0,3.9,90.0
974,17,11,5,14,30.0,1.6,67.0
975,18,15,2,2,,1.8,61.0
976,17,11,7,27,100.0,3.7,73.0
977,15,14,5,7,75.0,,
978,20,4,3,29,75.0,4.1,90.0
979,5,12,2,5,75.0,1.4,64.0
980,1,15,10,2,100.0,1.1,63.0
981,4,4,4,18,40.0,3.9,
982,3,13,3,8,20.0,3.6,67.0
983,16,1,6,0,40.0,0.0,97.0
984,11,9,4,16,75.0,4.5,69.0
985,16,1,10,8,50.0,,73.0
986,18,15,2,39,20.0,1.4,86.0
987,6,2,7,,50.0,0.0,81.0
988,17,11,6,16,100.0,4.3,74.0
989,21,4,2,4,100.0,2.2,64.0
990,2,4,6,4,75.0,3.2,76.0
991,1,15,1,2,100.0,3.7,73.0
992,8,6,9,37,50.0,4.9,69.0
993,10,8,8,32,75.0,3.2,79.0
994,15,14,8,8,20.0,2.2,89.0
995,16,1,5,8,30.0,3.9,95.0
996,19,16,5,13,100.0,0.0,68.0
997,8,6,2,6,40.0,2.8,82.0
998,12,10,4,15,75.0,,94.0
999,15,14,7,22,100.0,2.8,97.0
1000,13,15,9,18,20.0,1.7,72.0
